CVSR,Shiv,Hyd,798787,9898,778,877,7878,7878,787,7878
CVRH,Yyyy,Gat,667,87,6656,877,87,78,7,78
CBIT,Yyyy,Gat,899,9889,89,89,8,898,89,98
CVQR,Shiv,Hyd,798787,9898,778,877,7878,7878,787,7878
CVRH,Yyyy,Gat,667,87,6656,877,87,78,7,78
CBIT,Yyyy,Gat,899,9889,89,89,8,898,89,98
CVYR,Shiv,Hyd,798787,9898,778,877,7878,7878,787,7878
CVRH,Yyyy,Gat,667,87,6656,877,87,78,7,78
CBIT,Yyyy,Gat,899,9889,89,89,8,898,89,98
RSG,Hj,Hj,78,8,8,8,89,78,77,8
CVRH,Yyyy,Gat,667,87,6656,877,87,78,7,78
CBIT,Yyyy,Gat,899,9889,89,89,8,898,89,98
RS,Hj,Hj,8,898,89,89,8,9,8,89
455,Cvsr,Hyd,4,2,2,22,22,2,11,111
